<!-- This is a generated file. It is highly recommended that you DO NOT edit this file. --><iq:manifest xmlns:iq="http://www.garmin.com/xml/connectiq" version="1">
    <iq:application entry="Time_Piece_CareApp" id="F3718765F4B24E9E900FB8F6B3C34124" launcherIcon="@Drawables.LauncherIcon" name="@Strings.AppName" type="watch-app">

        <iq:products>
            <iq:product id="square_watch"/>
            <iq:product id="round_watch"/>
        </iq:products>

        <iq:permissions>
        	<iq:uses-permission id="Communications"/>
        	<iq:uses-permission id="Positioning"/>
        	
        </iq:permissions>

        <iq:languages>
            <iq:language>eng</iq:language>
        </iq:languages>

    </iq:application>
</iq:manifest>
